{
  "precision": 0.9693021508004398,
  "recall": 0.9651614197454605,
  "f1_score": 0.9671147165877643,
  "accuracy": 0.9635416666666666
}
